11:36:59	1667.0M	 browser=70.4M gpu-process=801.7M utility=24.8M utility=18.7M renderer=49.3M renderer=331.2M renderer=344.9M renderer=26.0M
11:47:04	1275.6M	 browser=70.4M gpu-process=442.1M utility=24.8M utility=18.7M renderer=49.3M renderer=299.5M renderer=344.8M renderer=26.0M
11:57:09	1268.7M	 browser=70.5M gpu-process=430.8M utility=24.8M utility=18.7M renderer=49.3M renderer=300.6M renderer=348.0M renderer=26.0M
12:07:15	1276.6M	 browser=70.5M gpu-process=433.0M utility=24.8M utility=18.7M renderer=49.3M renderer=300.5M renderer=353.8M renderer=26.0M
12:17:20	1306.8M	 browser=70.5M gpu-process=435.3M utility=24.8M utility=18.7M renderer=49.3M renderer=326.3M renderer=355.9M renderer=26.0M
12:27:25	1281.2M	 browser=70.4M gpu-process=424.3M utility=24.8M utility=18.7M renderer=49.3M renderer=309.5M renderer=358.2M renderer=26.0M
12:37:30	1265.8M	 browser=70.4M gpu-process=426.7M utility=24.8M utility=18.7M renderer=49.3M renderer=297.3M renderer=352.6M renderer=26.0M
12:47:36	1312.3M	 browser=70.4M gpu-process=442.6M utility=24.8M utility=18.7M renderer=49.3M renderer=329.0M renderer=351.5M renderer=26.0M
12:57:41	1290.7M	 browser=70.5M gpu-process=436.8M utility=24.8M utility=18.7M renderer=49.3M renderer=314.8M renderer=349.8M renderer=26.0M
13:07:46	1344.0M	 browser=70.5M gpu-process=447.0M utility=24.8M utility=18.7M renderer=49.3M renderer=355.8M renderer=351.9M renderer=26.0M
13:17:52	1301.6M	 browser=70.5M gpu-process=453.6M utility=24.8M utility=18.7M renderer=49.3M renderer=295.6M renderer=363.1M renderer=26.0M
